source,target,type,confidence,tag,weight
src/indexing/vectorize_snomed.py,sqlite3,imports,1.0,EXTRACTED,1.0
src/indexing/vectorize_snomed.py,os,imports,1.0,EXTRACTED,1.0
src/indexing/vectorize_snomed.py,sys,imports,1.0,EXTRACTED,1.0
src/indexing/vectorize_snomed.py,time,imports,1.0,EXTRACTED,1.0
src/indexing/vectorize_snomed.py,json,imports,1.0,EXTRACTED,1.0
src/indexing/vectorize_snomed.py,pathlib.Path,imports,1.0,EXTRACTED,1.0
src/indexing/vectorize_snomed.py,src/indexing/vectorize_snomed.py::get_db_connection,contains,1.0,EXTRACTED,1.0
src/indexing/vectorize_snomed.py,src/indexing/vectorize_snomed.py::load_concepts_from_db,contains,1.0,EXTRACTED,1.0
src/indexing/vectorize_snomed.py,src/indexing/vectorize_snomed.py::build_document_text,contains,1.0,EXTRACTED,1.0
src/indexing/vectorize_snomed.py,src/indexing/vectorize_snomed.py::build_metadata,contains,1.0,EXTRACTED,1.0
src/indexing/vectorize_snomed.py,src/indexing/vectorize_snomed.py::create_chroma_collection,contains,1.0,EXTRACTED,1.0
src/indexing/vectorize_snomed.py,src/indexing/vectorize_snomed.py::index_concepts,contains,1.0,EXTRACTED,1.0
src/indexing/vectorize_snomed.py,src/indexing/vectorize_snomed.py::verify_index,contains,1.0,EXTRACTED,1.0
src/indexing/vectorize_snomed.py,src/indexing/vectorize_snomed.py::save_index_stats,contains,1.0,EXTRACTED,1.0
src/indexing/vectorize_snomed.py,src/indexing/vectorize_snomed.py::main,contains,1.0,EXTRACTED,1.0
src/indexing/vectorize_snomed.py::get_db_connection,exists,calls,0.8,INFERRED,1.6
src/indexing/vectorize_snomed.py::get_db_connection,print,calls,1.0,EXTRACTED,4.0
src/indexing/vectorize_snomed.py::get_db_connection,exit,calls,0.8,INFERRED,0.8
src/indexing/vectorize_snomed.py::get_db_connection,connect,calls,0.8,INFERRED,1.6
src/indexing/vectorize_snomed.py::get_db_connection,str,calls,1.0,EXTRACTED,2.0
src/indexing/vectorize_snomed.py::load_concepts_from_db,cursor,calls,0.8,INFERRED,0.8
src/indexing/vectorize_snomed.py::load_concepts_from_db,fetchall,calls,0.8,INFERRED,0.8
src/indexing/vectorize_snomed.py::load_concepts_from_db,join,calls,0.8,INFERRED,0.8
src/indexing/vectorize_snomed.py::load_concepts_from_db,execute,calls,0.8,INFERRED,1.6
src/indexing/vectorize_snomed.py::load_concepts_from_db,append,calls,0.8,INFERRED,0.8
src/indexing/vectorize_snomed.py::build_document_text,join,calls,0.8,INFERRED,1.6
src/indexing/vectorize_snomed.py::build_document_text,append,calls,0.8,INFERRED,0.8
src/indexing/vectorize_snomed.py::build_document_text,split,calls,0.8,INFERRED,0.8
src/indexing/vectorize_snomed.py::create_chroma_collection,SentenceTransformerEmbeddingFunction,calls,0.8,INFERRED,0.8
src/indexing/vectorize_snomed.py::create_chroma_collection,PersistentClient,calls,0.8,INFERRED,0.8
src/indexing/vectorize_snomed.py::create_chroma_collection,create_collection,calls,0.8,INFERRED,0.8
src/indexing/vectorize_snomed.py::create_chroma_collection,delete_collection,calls,0.8,INFERRED,0.8
src/indexing/vectorize_snomed.py::create_chroma_collection,print,calls,1.0,EXTRACTED,1.0
src/indexing/vectorize_snomed.py::create_chroma_collection,str,calls,1.0,EXTRACTED,1.0
src/indexing/vectorize_snomed.py::index_concepts,len,calls,1.0,EXTRACTED,1.0
src/indexing/vectorize_snomed.py::index_concepts,print,calls,1.0,EXTRACTED,3.0
src/indexing/vectorize_snomed.py::index_concepts,time,calls,0.8,INFERRED,2.4000000000000004
src/indexing/vectorize_snomed.py::index_concepts,range,calls,1.0,EXTRACTED,1.0
src/indexing/vectorize_snomed.py::index_concepts,add,calls,0.8,INFERRED,0.8
src/indexing/vectorize_snomed.py::index_concepts,min,calls,1.0,EXTRACTED,1.0
src/indexing/vectorize_snomed.py::index_concepts,build_document_text,calls,1.0,EXTRACTED,1.0
src/indexing/vectorize_snomed.py::index_concepts,build_metadata,calls,1.0,EXTRACTED,1.0
src/indexing/vectorize_snomed.py::verify_index,print,calls,1.0,EXTRACTED,6.0
src/indexing/vectorize_snomed.py::verify_index,query,calls,0.8,INFERRED,0.8
src/indexing/vectorize_snomed.py::verify_index,enumerate,calls,1.0,EXTRACTED,1.0
src/indexing/vectorize_snomed.py::verify_index,zip,calls,1.0,EXTRACTED,1.0
src/indexing/vectorize_snomed.py::verify_index,count,calls,0.8,INFERRED,0.8
src/indexing/vectorize_snomed.py::verify_index,len,calls,1.0,EXTRACTED,1.0
src/indexing/vectorize_snomed.py::save_index_stats,Counter,calls,1.0,EXTRACTED,2.0
src/indexing/vectorize_snomed.py::save_index_stats,print,calls,1.0,EXTRACTED,1.0
src/indexing/vectorize_snomed.py::save_index_stats,len,calls,1.0,EXTRACTED,1.0
src/indexing/vectorize_snomed.py::save_index_stats,strftime,calls,0.8,INFERRED,0.8
src/indexing/vectorize_snomed.py::save_index_stats,dict,calls,1.0,EXTRACTED,2.0
src/indexing/vectorize_snomed.py::save_index_stats,open,calls,1.0,EXTRACTED,1.0
src/indexing/vectorize_snomed.py::save_index_stats,dump,calls,0.8,INFERRED,0.8
src/indexing/vectorize_snomed.py::save_index_stats,most_common,calls,0.8,INFERRED,0.8
src/indexing/vectorize_snomed.py::main,print,calls,1.0,EXTRACTED,18.0
src/indexing/vectorize_snomed.py::main,get_db_connection,calls,1.0,EXTRACTED,1.0
src/indexing/vectorize_snomed.py::main,load_concepts_from_db,calls,1.0,EXTRACTED,1.0
src/indexing/vectorize_snomed.py::main,close,calls,0.8,INFERRED,0.8
src/indexing/vectorize_snomed.py::main,create_chroma_collection,calls,1.0,EXTRACTED,1.0
src/indexing/vectorize_snomed.py::main,index_concepts,calls,1.0,EXTRACTED,1.0
src/indexing/vectorize_snomed.py::main,verify_index,calls,1.0,EXTRACTED,1.0
src/indexing/vectorize_snomed.py::main,save_index_stats,calls,1.0,EXTRACTED,1.0
src/indexing/vectorize_snomed.py::main,exit,calls,0.8,INFERRED,0.8
src/indexing/vectorize_snomed.py::main,len,calls,1.0,EXTRACTED,1.0
src/retrieval/graph_rag.py,sqlite3,imports,1.0,EXTRACTED,1.0
src/retrieval/graph_rag.py,time,imports,1.0,EXTRACTED,1.0
src/retrieval/graph_rag.py,argparse,imports,1.0,EXTRACTED,1.0
src/retrieval/graph_rag.py,networkx,imports,1.0,EXTRACTED,1.0
src/retrieval/graph_rag.py,pathlib.Path,imports,1.0,EXTRACTED,1.0
src/retrieval/graph_rag.py,collections.defaultdict,imports,1.0,EXTRACTED,1.0
src/retrieval/graph_rag.py,dataclasses.dataclass,imports,1.0,EXTRACTED,1.0
src/retrieval/graph_rag.py,dataclasses.field,imports,1.0,EXTRACTED,1.0
src/retrieval/graph_rag.py,typing.Optional,imports,1.0,EXTRACTED,1.0
src/retrieval/graph_rag.py,src/retrieval/graph_rag.py::GraphNeighbor,contains,1.0,EXTRACTED,1.0
src/retrieval/graph_rag.py,src/retrieval/graph_rag.py::GraphContext,contains,1.0,EXTRACTED,1.0
src/retrieval/graph_rag.py,src/retrieval/graph_rag.py::SNOMEDGraph,contains,1.0,EXTRACTED,1.0
src/retrieval/graph_rag.py,src/retrieval/graph_rag.py::format_graph_context,contains,1.0,EXTRACTED,1.0
src/retrieval/graph_rag.py,src/retrieval/graph_rag.py::main,contains,1.0,EXTRACTED,1.0
src/retrieval/graph_rag.py::SNOMEDGraph,src/retrieval/graph_rag.py::SNOMEDGraph::__init__,contains,1.0,EXTRACTED,1.0
src/retrieval/graph_rag.py::SNOMEDGraph,src/retrieval/graph_rag.py::SNOMEDGraph::_build_graph,contains,1.0,EXTRACTED,1.0
src/retrieval/graph_rag.py::SNOMEDGraph,src/retrieval/graph_rag.py::SNOMEDGraph::get_term,contains,1.0,EXTRACTED,1.0
src/retrieval/graph_rag.py::SNOMEDGraph,src/retrieval/graph_rag.py::SNOMEDGraph::get_info,contains,1.0,EXTRACTED,1.0
src/retrieval/graph_rag.py::SNOMEDGraph,src/retrieval/graph_rag.py::SNOMEDGraph::get_ancestors,contains,1.0,EXTRACTED,1.0
src/retrieval/graph_rag.py::SNOMEDGraph,src/retrieval/graph_rag.py::SNOMEDGraph::get_children,contains,1.0,EXTRACTED,1.0
src/retrieval/graph_rag.py::SNOMEDGraph,src/retrieval/graph_rag.py::SNOMEDGraph::explore_clinical_neighbors,contains,1.0,EXTRACTED,1.0
src/retrieval/graph_rag.py::SNOMEDGraph,src/retrieval/graph_rag.py::SNOMEDGraph::explore,contains,1.0,EXTRACTED,1.0
src/retrieval/graph_rag.py::SNOMEDGraph::__init__,str,calls,1.0,EXTRACTED,1.0
src/retrieval/graph_rag.py::SNOMEDGraph::__init__,DiGraph,calls,0.8,INFERRED,0.8
src/retrieval/graph_rag.py::SNOMEDGraph::__init__,_build_graph,calls,0.8,INFERRED,0.8
src/retrieval/graph_rag.py::SNOMEDGraph::_build_graph,time,calls,0.8,INFERRED,1.6
src/retrieval/graph_rag.py::SNOMEDGraph::_build_graph,connect,calls,0.8,INFERRED,0.8
src/retrieval/graph_rag.py::SNOMEDGraph::_build_graph,cursor,calls,0.8,INFERRED,0.8
src/retrieval/graph_rag.py::SNOMEDGraph::_build_graph,print,calls,1.0,EXTRACTED,3.0
src/retrieval/graph_rag.py::SNOMEDGraph::_build_graph,execute,calls,0.8,INFERRED,1.6
src/retrieval/graph_rag.py::SNOMEDGraph::_build_graph,fetchall,calls,0.8,INFERRED,1.6
src/retrieval/graph_rag.py::SNOMEDGraph::_build_graph,close,calls,0.8,INFERRED,0.8
src/retrieval/graph_rag.py::SNOMEDGraph::_build_graph,add_node,calls,0.8,INFERRED,0.8
src/retrieval/graph_rag.py::SNOMEDGraph::_build_graph,add_edge,calls,0.8,INFERRED,0.8
src/retrieval/graph_rag.py::SNOMEDGraph::_build_graph,number_of_nodes,calls,0.8,INFERRED,0.8
src/retrieval/graph_rag.py::SNOMEDGraph::get_term,get,calls,0.8,INFERRED,1.6
src/retrieval/graph_rag.py::SNOMEDGraph::get_info,get,calls,0.8,INFERRED,0.8
src/retrieval/graph_rag.py::SNOMEDGraph::get_ancestors,set,calls,1.0,EXTRACTED,1.0
src/retrieval/graph_rag.py::SNOMEDGraph::get_ancestors,pop,calls,0.8,INFERRED,0.8
src/retrieval/graph_rag.py::SNOMEDGraph::get_ancestors,out_edges,calls,0.8,INFERRED,0.8
src/retrieval/graph_rag.py::SNOMEDGraph::get_ancestors,add,calls,0.8,INFERRED,0.8
src/retrieval/graph_rag.py::SNOMEDGraph::get_ancestors,get_info,calls,0.8,INFERRED,0.8
src/retrieval/graph_rag.py::SNOMEDGraph::get_ancestors,append,calls,0.8,INFERRED,1.6
src/retrieval/graph_rag.py::SNOMEDGraph::get_ancestors,get,calls,0.8,INFERRED,0.8
src/retrieval/graph_rag.py::SNOMEDGraph::get_children,in_edges,calls,0.8,INFERRED,0.8
src/retrieval/graph_rag.py::SNOMEDGraph::get_children,get,calls,0.8,INFERRED,0.8
src/retrieval/graph_rag.py::SNOMEDGraph::get_children,get_info,calls,0.8,INFERRED,0.8
src/retrieval/graph_rag.py::SNOMEDGraph::get_children,append,calls,0.8,INFERRED,0.8
src/retrieval/graph_rag.py::SNOMEDGraph::get_children,len,calls,1.0,EXTRACTED,1.0
src/retrieval/graph_rag.py::SNOMEDGraph::explore_clinical_neighbors,pop,calls,0.8,INFERRED,0.8
src/retrieval/graph_rag.py::SNOMEDGraph::explore_clinical_neighbors,out_edges,calls,0.8,INFERRED,0.8
src/retrieval/graph_rag.py::SNOMEDGraph::explore_clinical_neighbors,in_edges,calls,0.8,INFERRED,0.8
src/retrieval/graph_rag.py::SNOMEDGraph::explore_clinical_neighbors,len,calls,1.0,EXTRACTED,2.0
src/retrieval/graph_rag.py::SNOMEDGraph::explore_clinical_neighbors,get,calls,0.8,INFERRED,1.6
src/retrieval/graph_rag.py::SNOMEDGraph::explore_clinical_neighbors,add,calls,0.8,INFERRED,1.6
src/retrieval/graph_rag.py::SNOMEDGraph::explore_clinical_neighbors,get_info,calls,0.8,INFERRED,1.6
src/retrieval/graph_rag.py::SNOMEDGraph::explore_clinical_neighbors,append,calls,0.8,INFERRED,3.2
src/retrieval/graph_rag.py::SNOMEDGraph::explore_clinical_neighbors,GraphNeighbor,calls,1.0,EXTRACTED,2.0
src/retrieval/graph_rag.py::SNOMEDGraph::explore,get_term,calls,0.8,INFERRED,0.8
src/retrieval/graph_rag.py::SNOMEDGraph::explore,get_ancestors,calls,0.8,INFERRED,0.8
src/retrieval/graph_rag.py::SNOMEDGraph::explore,get_children,calls,0.8,INFERRED,0.8
src/retrieval/graph_rag.py::SNOMEDGraph::explore,explore_clinical_neighbors,calls,0.8,INFERRED,0.8
src/retrieval/graph_rag.py::SNOMEDGraph::explore,GraphContext,calls,1.0,EXTRACTED,1.0
src/retrieval/graph_rag.py::SNOMEDGraph::explore,len,calls,1.0,EXTRACTED,5.0
src/retrieval/graph_rag.py::SNOMEDGraph::explore,sum,calls,1.0,EXTRACTED,2.0
src/retrieval/graph_rag.py::format_graph_context,sum,calls,1.0,EXTRACTED,1.0
src/retrieval/graph_rag.py::format_graph_context,append,calls,0.8,INFERRED,7.199999999999999
src/retrieval/graph_rag.py::format_graph_context,join,calls,0.8,INFERRED,2.4000000000000004
src/retrieval/graph_rag.py::format_graph_context,len,calls,1.0,EXTRACTED,3.0
src/retrieval/graph_rag.py::format_graph_context,replace,calls,0.8,INFERRED,2.4000000000000004
src/retrieval/graph_rag.py::format_graph_context,get,calls,0.8,INFERRED,0.8
src/retrieval/graph_rag.py::main,ArgumentParser,calls,0.8,INFERRED,0.8
src/retrieval/graph_rag.py::main,add_argument,calls,0.8,INFERRED,2.4000000000000004
src/retrieval/graph_rag.py::main,parse_args,calls,0.8,INFERRED,0.8
src/retrieval/graph_rag.py::main,SNOMEDGraph,calls,1.0,EXTRACTED,1.0
src/retrieval/graph_rag.py::main,print,calls,1.0,EXTRACTED,8.0
src/retrieval/graph_rag.py::main,explore,calls,0.8,INFERRED,2.4000000000000004
src/retrieval/graph_rag.py::main,strip,calls,0.8,INFERRED,0.8
src/retrieval/graph_rag.py::main,lower,calls,0.8,INFERRED,0.8
src/retrieval/graph_rag.py::main,format_graph_context,calls,1.0,EXTRACTED,3.0
src/retrieval/graph_rag.py::main,input,calls,1.0,EXTRACTED,1.0
src/retrieval/hybrid_search.py,sqlite3,imports,1.0,EXTRACTED,1.0
src/retrieval/hybrid_search.py,json,imports,1.0,EXTRACTED,1.0
src/retrieval/hybrid_search.py,argparse,imports,1.0,EXTRACTED,1.0
src/retrieval/hybrid_search.py,re,imports,1.0,EXTRACTED,1.0
src/retrieval/hybrid_search.py,pathlib.Path,imports,1.0,EXTRACTED,1.0
src/retrieval/hybrid_search.py,dataclasses.dataclass,imports,1.0,EXTRACTED,1.0
src/retrieval/hybrid_search.py,dataclasses.field,imports,1.0,EXTRACTED,1.0
src/retrieval/hybrid_search.py,typing.Optional,imports,1.0,EXTRACTED,1.0
src/retrieval/hybrid_search.py,src/retrieval/hybrid_search.py::SearchResult,contains,1.0,EXTRACTED,1.0
src/retrieval/hybrid_search.py,src/retrieval/hybrid_search.py::VectorSearcher,contains,1.0,EXTRACTED,1.0
src/retrieval/hybrid_search.py,src/retrieval/hybrid_search.py::SQLRetriever,contains,1.0,EXTRACTED,1.0
src/retrieval/hybrid_search.py,src/retrieval/hybrid_search.py::reciprocal_rank_fusion,contains,1.0,EXTRACTED,1.0
src/retrieval/hybrid_search.py,src/retrieval/hybrid_search.py::preprocess_for_vector,contains,1.0,EXTRACTED,1.0
src/retrieval/hybrid_search.py,src/retrieval/hybrid_search.py::HybridSearchEngine,contains,1.0,EXTRACTED,1.0
src/retrieval/hybrid_search.py,src/retrieval/hybrid_search.py::main,contains,1.0,EXTRACTED,1.0
src/retrieval/hybrid_search.py::VectorSearcher,src/retrieval/hybrid_search.py::VectorSearcher::__init__,contains,1.0,EXTRACTED,1.0
src/retrieval/hybrid_search.py::VectorSearcher,src/retrieval/hybrid_search.py::VectorSearcher::search,contains,1.0,EXTRACTED,1.0
src/retrieval/hybrid_search.py::VectorSearcher::__init__,SentenceTransformerEmbeddingFunction,calls,0.8,INFERRED,0.8
src/retrieval/hybrid_search.py::VectorSearcher::__init__,PersistentClient,calls,0.8,INFERRED,0.8
src/retrieval/hybrid_search.py::VectorSearcher::__init__,get_collection,calls,0.8,INFERRED,0.8
src/retrieval/hybrid_search.py::VectorSearcher::__init__,print,calls,1.0,EXTRACTED,1.0
src/retrieval/hybrid_search.py::VectorSearcher::__init__,str,calls,1.0,EXTRACTED,1.0
src/retrieval/hybrid_search.py::VectorSearcher::__init__,count,calls,0.8,INFERRED,0.8
src/retrieval/hybrid_search.py::VectorSearcher::search,query,calls,0.8,INFERRED,0.8
src/retrieval/hybrid_search.py::VectorSearcher::search,enumerate,calls,1.0,EXTRACTED,1.0
src/retrieval/hybrid_search.py::VectorSearcher::search,zip,calls,1.0,EXTRACTED,1.0
src/retrieval/hybrid_search.py::VectorSearcher::search,append,calls,0.8,INFERRED,0.8
src/retrieval/hybrid_search.py::VectorSearcher::search,SearchResult,calls,1.0,EXTRACTED,1.0
src/retrieval/hybrid_search.py::VectorSearcher::search,get,calls,0.8,INFERRED,3.2
src/retrieval/hybrid_search.py::SQLRetriever,src/retrieval/hybrid_search.py::SQLRetriever::__init__,contains,1.0,EXTRACTED,1.0
src/retrieval/hybrid_search.py::SQLRetriever,src/retrieval/hybrid_search.py::SQLRetriever::search,contains,1.0,EXTRACTED,1.0
src/retrieval/hybrid_search.py::SQLRetriever,src/retrieval/hybrid_search.py::SQLRetriever::get_relationships,contains,1.0,EXTRACTED,1.0
src/retrieval/hybrid_search.py::SQLRetriever,src/retrieval/hybrid_search.py::SQLRetriever::close,contains,1.0,EXTRACTED,1.0
src/retrieval/hybrid_search.py::SQLRetriever::__init__,exists,calls,0.8,INFERRED,0.8
src/retrieval/hybrid_search.py::SQLRetriever::__init__,connect,calls,0.8,INFERRED,0.8
src/retrieval/hybrid_search.py::SQLRetriever::__init__,print,calls,1.0,EXTRACTED,1.0
src/retrieval/hybrid_search.py::SQLRetriever::__init__,str,calls,1.0,EXTRACTED,1.0
src/retrieval/hybrid_search.py::SQLRetriever::__init__,fetchone,calls,0.8,INFERRED,0.8
src/retrieval/hybrid_search.py::SQLRetriever::__init__,execute,calls,0.8,INFERRED,0.8
src/retrieval/hybrid_search.py::SQLRetriever::search,cursor,calls,0.8,INFERRED,0.8
src/retrieval/hybrid_search.py::SQLRetriever::search,strip,calls,0.8,INFERRED,0.8
src/retrieval/hybrid_search.py::SQLRetriever::search,execute,calls,0.8,INFERRED,2.4000000000000004
src/retrieval/hybrid_search.py::SQLRetriever::search,fetchall,calls,0.8,INFERRED,2.4000000000000004
src/retrieval/hybrid_search.py::SQLRetriever::search,enumerate,calls,1.0,EXTRACTED,1.0
src/retrieval/hybrid_search.py::SQLRetriever::search,sorted,calls,1.0,EXTRACTED,2.0
src/retrieval/hybrid_search.py::SQLRetriever::search,len,calls,1.0,EXTRACTED,7.0
src/retrieval/hybrid_search.py::SQLRetriever::search,range,calls,1.0,EXTRACTED,1.0
src/retrieval/hybrid_search.py::SQLRetriever::search,join,calls,0.8,INFERRED,1.6
src/retrieval/hybrid_search.py::SQLRetriever::search,append,calls,0.8,INFERRED,4.0
src/retrieval/hybrid_search.py::SQLRetriever::search,lower,calls,0.8,INFERRED,1.6
src/retrieval/hybrid_search.py::SQLRetriever::search,split,calls,0.8,INFERRED,0.8
src/retrieval/hybrid_search.py::SQLRetriever::search,_token_clause,calls,1.0,EXTRACTED,2.0
src/retrieval/hybrid_search.py::SQLRetriever::search,extend,calls,0.8,INFERRED,1.6
src/retrieval/hybrid_search.py::SQLRetriever::search,values,calls,0.8,INFERRED,0.8
src/retrieval/hybrid_search.py::SQLRetriever::search,SearchResult,calls,1.0,EXTRACTED,1.0
src/retrieval/hybrid_search.py::SQLRetriever::search,sum,calls,1.0,EXTRACTED,1.0
src/retrieval/hybrid_search.py::SQLRetriever::search,max,calls,1.0,EXTRACTED,1.0
src/retrieval/hybrid_search.py::SQLRetriever::get_relationships,cursor,calls,0.8,INFERRED,0.8
src/retrieval/hybrid_search.py::SQLRetriever::get_relationships,execute,calls,0.8,INFERRED,0.8
src/retrieval/hybrid_search.py::SQLRetriever::get_relationships,fetchall,calls,0.8,INFERRED,0.8
src/retrieval/hybrid_search.py::SQLRetriever::get_relationships,append,calls,0.8,INFERRED,0.8
src/retrieval/hybrid_search.py::SQLRetriever::close,close,calls,0.8,INFERRED,0.8
src/retrieval/hybrid_search.py::reciprocal_rank_fusion,sorted,calls,1.0,EXTRACTED,1.0
src/retrieval/hybrid_search.py::reciprocal_rank_fusion,values,calls,0.8,INFERRED,0.8
src/retrieval/hybrid_search.py::reciprocal_rank_fusion,SearchResult,calls,1.0,EXTRACTED,2.0
src/retrieval/hybrid_search.py::preprocess_for_vector,strip,calls,0.8,INFERRED,2.4000000000000004
src/retrieval/hybrid_search.py::preprocess_for_vector,search,calls,0.8,INFERRED,0.8
src/retrieval/hybrid_search.py::preprocess_for_vector,sub,calls,0.8,INFERRED,1.6
src/retrieval/hybrid_search.py::preprocess_for_vector,split,calls,0.8,INFERRED,1.6
src/retrieval/hybrid_search.py::preprocess_for_vector,len,calls,1.0,EXTRACTED,1.0
src/retrieval/hybrid_search.py::preprocess_for_vector,start,calls,0.8,INFERRED,0.8
src/retrieval/hybrid_search.py::HybridSearchEngine,src/retrieval/hybrid_search.py::HybridSearchEngine::__init__,contains,1.0,EXTRACTED,1.0
src/retrieval/hybrid_search.py::HybridSearchEngine,src/retrieval/hybrid_search.py::HybridSearchEngine::search,contains,1.0,EXTRACTED,1.0
src/retrieval/hybrid_search.py::HybridSearchEngine,src/retrieval/hybrid_search.py::HybridSearchEngine::print_results,contains,1.0,EXTRACTED,1.0
src/retrieval/hybrid_search.py::HybridSearchEngine,src/retrieval/hybrid_search.py::HybridSearchEngine::close,contains,1.0,EXTRACTED,1.0
src/retrieval/hybrid_search.py::HybridSearchEngine::__init__,print,calls,1.0,EXTRACTED,4.0
src/retrieval/hybrid_search.py::HybridSearchEngine::__init__,VectorSearcher,calls,1.0,EXTRACTED,1.0
src/retrieval/hybrid_search.py::HybridSearchEngine::__init__,SQLRetriever,calls,1.0,EXTRACTED,1.0
src/retrieval/hybrid_search.py::HybridSearchEngine::search,preprocess_for_vector,calls,1.0,EXTRACTED,1.0
src/retrieval/hybrid_search.py::HybridSearchEngine::search,search,calls,0.8,INFERRED,2.4000000000000004
src/retrieval/hybrid_search.py::HybridSearchEngine::search,print,calls,1.0,EXTRACTED,1.0
src/retrieval/hybrid_search.py::HybridSearchEngine::search,reciprocal_rank_fusion,calls,1.0,EXTRACTED,1.0
src/retrieval/hybrid_search.py::HybridSearchEngine::search,list,calls,1.0,EXTRACTED,1.0
src/retrieval/hybrid_search.py::HybridSearchEngine::search,get_relationships,calls,0.8,INFERRED,0.8
src/retrieval/hybrid_search.py::HybridSearchEngine::print_results,print,calls,1.0,EXTRACTED,10.0
src/retrieval/hybrid_search.py::HybridSearchEngine::print_results,enumerate,calls,1.0,EXTRACTED,1.0
src/retrieval/hybrid_search.py::HybridSearchEngine::print_results,join,calls,0.8,INFERRED,0.8
src/retrieval/hybrid_search.py::HybridSearchEngine::print_results,append,calls,0.8,INFERRED,1.6
src/retrieval/hybrid_search.py::HybridSearchEngine::print_results,len,calls,1.0,EXTRACTED,2.0
src/retrieval/hybrid_search.py::HybridSearchEngine::close,close,calls,0.8,INFERRED,0.8
src/retrieval/hybrid_search.py::main,ArgumentParser,calls,0.8,INFERRED,0.8
src/retrieval/hybrid_search.py::main,add_argument,calls,0.8,INFERRED,3.2
src/retrieval/hybrid_search.py::main,parse_args,calls,0.8,INFERRED,0.8
src/retrieval/hybrid_search.py::main,HybridSearchEngine,calls,1.0,EXTRACTED,1.0
src/retrieval/hybrid_search.py::main,close,calls,0.8,INFERRED,0.8
src/retrieval/hybrid_search.py::main,print,calls,1.0,EXTRACTED,2.0
src/retrieval/hybrid_search.py::main,strip,calls,0.8,INFERRED,0.8
src/retrieval/hybrid_search.py::main,search,calls,0.8,INFERRED,2.4000000000000004
src/retrieval/hybrid_search.py::main,print_results,calls,0.8,INFERRED,2.4000000000000004
src/retrieval/hybrid_search.py::main,lower,calls,0.8,INFERRED,0.8
src/retrieval/hybrid_search.py::main,input,calls,1.0,EXTRACTED,1.0
src/retrieval/hybrid_search.py::main,dumps,calls,0.8,INFERRED,0.8
src/retrieval/rag_pipeline.py,json,imports,1.0,EXTRACTED,1.0
src/retrieval/rag_pipeline.py,re,imports,1.0,EXTRACTED,1.0
src/retrieval/rag_pipeline.py,argparse,imports,1.0,EXTRACTED,1.0
src/retrieval/rag_pipeline.py,pathlib.Path,imports,1.0,EXTRACTED,1.0
src/retrieval/rag_pipeline.py,typing.Optional,imports,1.0,EXTRACTED,1.0
src/retrieval/rag_pipeline.py,sys,imports,1.0,EXTRACTED,1.0
src/retrieval/rag_pipeline.py,src.retrieval.hybrid_search.HybridSearchEngine,imports,1.0,EXTRACTED,1.0
src/retrieval/rag_pipeline.py,src.retrieval.hybrid_search.SearchResult,imports,1.0,EXTRACTED,1.0
src/retrieval/rag_pipeline.py,src.retrieval.graph_rag.SNOMEDGraph,imports,1.0,EXTRACTED,1.0
src/retrieval/rag_pipeline.py,src.retrieval.graph_rag.format_graph_context,imports,1.0,EXTRACTED,1.0
src/retrieval/rag_pipeline.py,src/retrieval/rag_pipeline.py::PostCoordLoader,contains,1.0,EXTRACTED,1.0
src/retrieval/rag_pipeline.py,src/retrieval/rag_pipeline.py::build_context,contains,1.0,EXTRACTED,1.0
src/retrieval/rag_pipeline.py,src/retrieval/rag_pipeline.py::_load_vet_dictionary,contains,1.0,EXTRACTED,1.0
src/retrieval/rag_pipeline.py,src/retrieval/rag_pipeline.py::_replace_with_dictionary,contains,1.0,EXTRACTED,1.0
src/retrieval/rag_pipeline.py,src/retrieval/rag_pipeline.py::_contains_korean,contains,1.0,EXTRACTED,1.0
src/retrieval/rag_pipeline.py,src/retrieval/rag_pipeline.py::preprocess_query,contains,1.0,EXTRACTED,1.0
src/retrieval/rag_pipeline.py,src/retrieval/rag_pipeline.py::translate_query_to_english,contains,1.0,EXTRACTED,1.0
src/retrieval/rag_pipeline.py,src/retrieval/rag_pipeline.py::generate_with_claude,contains,1.0,EXTRACTED,1.0
src/retrieval/rag_pipeline.py,src/retrieval/rag_pipeline.py::_clean_ollama_response,contains,1.0,EXTRACTED,1.0
src/retrieval/rag_pipeline.py,src/retrieval/rag_pipeline.py::generate_with_ollama,contains,1.0,EXTRACTED,1.0
src/retrieval/rag_pipeline.py,src/retrieval/rag_pipeline.py::generate_without_llm,contains,1.0,EXTRACTED,1.0
src/retrieval/rag_pipeline.py,src/retrieval/rag_pipeline.py::SNOMEDRagPipeline,contains,1.0,EXTRACTED,1.0
src/retrieval/rag_pipeline.py,src/retrieval/rag_pipeline.py::main,contains,1.0,EXTRACTED,1.0
src/retrieval/rag_pipeline.py::PostCoordLoader,src/retrieval/rag_pipeline.py::PostCoordLoader::__init__,contains,1.0,EXTRACTED,1.0
src/retrieval/rag_pipeline.py::PostCoordLoader,src/retrieval/rag_pipeline.py::PostCoordLoader::_load_rules,contains,1.0,EXTRACTED,1.0
src/retrieval/rag_pipeline.py::PostCoordLoader,src/retrieval/rag_pipeline.py::PostCoordLoader::find_patterns,contains,1.0,EXTRACTED,1.0
src/retrieval/rag_pipeline.py::PostCoordLoader::__init__,_load_rules,calls,0.8,INFERRED,0.8
src/retrieval/rag_pipeline.py::PostCoordLoader::_load_rules,exists,calls,0.8,INFERRED,2.4000000000000004
src/retrieval/rag_pipeline.py::PostCoordLoader::_load_rules,print,calls,1.0,EXTRACTED,3.0
src/retrieval/rag_pipeline.py::PostCoordLoader::_load_rules,open,calls,1.0,EXTRACTED,3.0
src/retrieval/rag_pipeline.py::PostCoordLoader::_load_rules,load,calls,0.8,INFERRED,2.4000000000000004
src/retrieval/rag_pipeline.py::PostCoordLoader::_load_rules,len,calls,1.0,EXTRACTED,1.0
src/retrieval/rag_pipeline.py::PostCoordLoader::find_patterns,isinstance,calls,1.0,EXTRACTED,2.0
src/retrieval/rag_pipeline.py::PostCoordLoader::find_patterns,items,calls,0.8,INFERRED,0.8
src/retrieval/rag_pipeline.py::PostCoordLoader::find_patterns,dumps,calls,0.8,INFERRED,0.8
src/retrieval/rag_pipeline.py::PostCoordLoader::find_patterns,append,calls,0.8,INFERRED,1.6
src/retrieval/rag_pipeline.py::PostCoordLoader::find_patterns,str,calls,1.0,EXTRACTED,1.0
src/retrieval/rag_pipeline.py::build_context,append,calls,0.8,INFERRED,1.6
src/retrieval/rag_pipeline.py::build_context,enumerate,calls,1.0,EXTRACTED,1.0
src/retrieval/rag_pipeline.py::build_context,join,calls,0.8,INFERRED,0.8
src/retrieval/rag_pipeline.py::build_context,find_patterns,calls,0.8,INFERRED,0.8
src/retrieval/rag_pipeline.py::build_context,dumps,calls,0.8,INFERRED,0.8
src/retrieval/rag_pipeline.py::_load_vet_dictionary,exists,calls,0.8,INFERRED,0.8
src/retrieval/rag_pipeline.py::_load_vet_dictionary,items,calls,0.8,INFERRED,2.4000000000000004
src/retrieval/rag_pipeline.py::_load_vet_dictionary,dict,calls,1.0,EXTRACTED,1.0
src/retrieval/rag_pipeline.py::_load_vet_dictionary,print,calls,1.0,EXTRACTED,1.0
src/retrieval/rag_pipeline.py::_load_vet_dictionary,open,calls,1.0,EXTRACTED,1.0
src/retrieval/rag_pipeline.py::_load_vet_dictionary,load,calls,0.8,INFERRED,0.8
src/retrieval/rag_pipeline.py::_load_vet_dictionary,startswith,calls,0.8,INFERRED,0.8
src/retrieval/rag_pipeline.py::_load_vet_dictionary,isinstance,calls,1.0,EXTRACTED,1.0
src/retrieval/rag_pipeline.py::_load_vet_dictionary,sorted,calls,1.0,EXTRACTED,1.0
src/retrieval/rag_pipeline.py::_load_vet_dictionary,len,calls,1.0,EXTRACTED,2.0
src/retrieval/rag_pipeline.py::_replace_with_dictionary,_load_vet_dictionary,calls,1.0,EXTRACTED,1.0
src/retrieval/rag_pipeline.py::_replace_with_dictionary,items,calls,0.8,INFERRED,0.8
src/retrieval/rag_pipeline.py::_replace_with_dictionary,replace,calls,0.8,INFERRED,0.8
src/retrieval/rag_pipeline.py::_contains_korean,bool,calls,1.0,EXTRACTED,1.0
src/retrieval/rag_pipeline.py::_contains_korean,search,calls,0.8,INFERRED,0.8
src/retrieval/rag_pipeline.py::preprocess_query,split,calls,0.8,INFERRED,0.8
src/retrieval/rag_pipeline.py::preprocess_query,strip,calls,0.8,INFERRED,1.6
src/retrieval/rag_pipeline.py::preprocess_query,join,calls,0.8,INFERRED,0.8
src/retrieval/rag_pipeline.py::preprocess_query,lower,calls,0.8,INFERRED,0.8
src/retrieval/rag_pipeline.py::translate_query_to_english,_replace_with_dictionary,calls,1.0,EXTRACTED,1.0
src/retrieval/rag_pipeline.py::translate_query_to_english,_contains_korean,calls,1.0,EXTRACTED,3.0
src/retrieval/rag_pipeline.py::translate_query_to_english,post,calls,0.8,INFERRED,0.8
src/retrieval/rag_pipeline.py::translate_query_to_english,strip,calls,0.8,INFERRED,0.8
src/retrieval/rag_pipeline.py::translate_query_to_english,get,calls,0.8,INFERRED,0.8
src/retrieval/rag_pipeline.py::translate_query_to_english,json,calls,0.8,INFERRED,0.8
src/retrieval/rag_pipeline.py::generate_with_claude,Anthropic,calls,0.8,INFERRED,0.8
src/retrieval/rag_pipeline.py::generate_with_claude,create,calls,0.8,INFERRED,0.8
src/retrieval/rag_pipeline.py::_clean_ollama_response,search,calls,0.8,INFERRED,0.8
src/retrieval/rag_pipeline.py::_clean_ollama_response,sub,calls,0.8,INFERRED,4.0
src/retrieval/rag_pipeline.py::_clean_ollama_response,split,calls,0.8,INFERRED,0.8
src/retrieval/rag_pipeline.py::_clean_ollama_response,join,calls,0.8,INFERRED,0.8
src/retrieval/rag_pipeline.py::_clean_ollama_response,strip,calls,0.8,INFERRED,0.8
src/retrieval/rag_pipeline.py::_clean_ollama_response,len,calls,1.0,EXTRACTED,3.0
src/retrieval/rag_pipeline.py::_clean_ollama_response,append,calls,0.8,INFERRED,0.8
src/retrieval/rag_pipeline.py::_clean_ollama_response,findall,calls,0.8,INFERRED,2.4000000000000004
src/retrieval/rag_pipeline.py::_clean_ollama_response,start,calls,0.8,INFERRED,0.8
src/retrieval/rag_pipeline.py::generate_with_ollama,format,calls,0.8,INFERRED,0.8
src/retrieval/rag_pipeline.py::generate_with_ollama,post,calls,0.8,INFERRED,0.8
src/retrieval/rag_pipeline.py::generate_with_ollama,get,calls,0.8,INFERRED,0.8
src/retrieval/rag_pipeline.py::generate_with_ollama,_clean_ollama_response,calls,1.0,EXTRACTED,1.0
src/retrieval/rag_pipeline.py::generate_with_ollama,json,calls,0.8,INFERRED,0.8
src/retrieval/rag_pipeline.py::generate_without_llm,enumerate,calls,1.0,EXTRACTED,1.0
src/retrieval/rag_pipeline.py::generate_without_llm,join,calls,0.8,INFERRED,0.8
src/retrieval/rag_pipeline.py::generate_without_llm,append,calls,0.8,INFERRED,5.6
src/retrieval/rag_pipeline.py::SNOMEDRagPipeline,src/retrieval/rag_pipeline.py::SNOMEDRagPipeline::__init__,contains,1.0,EXTRACTED,1.0
src/retrieval/rag_pipeline.py::SNOMEDRagPipeline,src/retrieval/rag_pipeline.py::SNOMEDRagPipeline::query,contains,1.0,EXTRACTED,1.0
src/retrieval/rag_pipeline.py::SNOMEDRagPipeline,src/retrieval/rag_pipeline.py::SNOMEDRagPipeline::print_answer,contains,1.0,EXTRACTED,1.0
src/retrieval/rag_pipeline.py::SNOMEDRagPipeline,src/retrieval/rag_pipeline.py::SNOMEDRagPipeline::close,contains,1.0,EXTRACTED,1.0
src/retrieval/rag_pipeline.py::SNOMEDRagPipeline::__init__,print,calls,1.0,EXTRACTED,6.0
src/retrieval/rag_pipeline.py::SNOMEDRagPipeline::__init__,HybridSearchEngine,calls,1.0,EXTRACTED,1.0
src/retrieval/rag_pipeline.py::SNOMEDRagPipeline::__init__,PostCoordLoader,calls,1.0,EXTRACTED,1.0
src/retrieval/rag_pipeline.py::SNOMEDRagPipeline::__init__,SNOMEDGraph,calls,1.0,EXTRACTED,1.0
src/retrieval/rag_pipeline.py::SNOMEDRagPipeline::query,preprocess_query,calls,1.0,EXTRACTED,1.0
src/retrieval/rag_pipeline.py::SNOMEDRagPipeline::query,search,calls,0.8,INFERRED,0.8
src/retrieval/rag_pipeline.py::SNOMEDRagPipeline::query,build_context,calls,1.0,EXTRACTED,1.0
src/retrieval/rag_pipeline.py::SNOMEDRagPipeline::query,format_graph_context,calls,1.0,EXTRACTED,1.0
src/retrieval/rag_pipeline.py::SNOMEDRagPipeline::query,_contains_korean,calls,1.0,EXTRACTED,1.0
src/retrieval/rag_pipeline.py::SNOMEDRagPipeline::query,translate_query_to_english,calls,1.0,EXTRACTED,1.0
src/retrieval/rag_pipeline.py::SNOMEDRagPipeline::query,print,calls,1.0,EXTRACTED,2.0
src/retrieval/rag_pipeline.py::SNOMEDRagPipeline::query,generate_with_claude,calls,1.0,EXTRACTED,1.0
src/retrieval/rag_pipeline.py::SNOMEDRagPipeline::query,explore,calls,0.8,INFERRED,0.8
src/retrieval/rag_pipeline.py::SNOMEDRagPipeline::query,append,calls,0.8,INFERRED,0.8
src/retrieval/rag_pipeline.py::SNOMEDRagPipeline::query,generate_with_ollama,calls,1.0,EXTRACTED,1.0
src/retrieval/rag_pipeline.py::SNOMEDRagPipeline::query,generate_without_llm,calls,1.0,EXTRACTED,1.0
src/retrieval/rag_pipeline.py::SNOMEDRagPipeline::print_answer,print,calls,1.0,EXTRACTED,12.0
src/retrieval/rag_pipeline.py::SNOMEDRagPipeline::print_answer,get,calls,0.8,INFERRED,0.8
src/retrieval/rag_pipeline.py::SNOMEDRagPipeline::print_answer,len,calls,1.0,EXTRACTED,1.0
src/retrieval/rag_pipeline.py::SNOMEDRagPipeline::close,close,calls,0.8,INFERRED,0.8
src/retrieval/rag_pipeline.py::main,ArgumentParser,calls,0.8,INFERRED,0.8
src/retrieval/rag_pipeline.py::main,add_argument,calls,0.8,INFERRED,4.8
src/retrieval/rag_pipeline.py::main,parse_args,calls,0.8,INFERRED,0.8
src/retrieval/rag_pipeline.py::main,SNOMEDRagPipeline,calls,1.0,EXTRACTED,1.0
src/retrieval/rag_pipeline.py::main,close,calls,0.8,INFERRED,0.8
src/retrieval/rag_pipeline.py::main,print,calls,1.0,EXTRACTED,1.0
src/retrieval/rag_pipeline.py::main,strip,calls,0.8,INFERRED,0.8
src/retrieval/rag_pipeline.py::main,query,calls,0.8,INFERRED,2.4000000000000004
src/retrieval/rag_pipeline.py::main,print_answer,calls,0.8,INFERRED,2.4000000000000004
src/retrieval/rag_pipeline.py::main,lower,calls,0.8,INFERRED,0.8
src/retrieval/rag_pipeline.py::main,input,calls,1.0,EXTRACTED,1.0
src/tools/export_obsidian.py,sqlite3,imports,1.0,EXTRACTED,1.0
src/tools/export_obsidian.py,json,imports,1.0,EXTRACTED,1.0
src/tools/export_obsidian.py,re,imports,1.0,EXTRACTED,1.0
src/tools/export_obsidian.py,argparse,imports,1.0,EXTRACTED,1.0
src/tools/export_obsidian.py,pathlib.Path,imports,1.0,EXTRACTED,1.0
src/tools/export_obsidian.py,collections.defaultdict,imports,1.0,EXTRACTED,1.0
src/tools/export_obsidian.py,src/tools/export_obsidian.py::extract_vet_clinical_concepts,contains,1.0,EXTRACTED,1.0
src/tools/export_obsidian.py,src/tools/export_obsidian.py::extract_related_concepts,contains,1.0,EXTRACTED,1.0
src/tools/export_obsidian.py,src/tools/export_obsidian.py::sanitize_filename,contains,1.0,EXTRACTED,1.0
src/tools/export_obsidian.py,src/tools/export_obsidian.py::generate_concept_note,contains,1.0,EXTRACTED,1.0
src/tools/export_obsidian.py,src/tools/export_obsidian.py::generate_index_note,contains,1.0,EXTRACTED,1.0
src/tools/export_obsidian.py,src/tools/export_obsidian.py::main,contains,1.0,EXTRACTED,1.0
src/tools/export_obsidian.py::extract_vet_clinical_concepts,cursor,calls,0.8,INFERRED,0.8
src/tools/export_obsidian.py::extract_vet_clinical_concepts,join,calls,0.8,INFERRED,0.8
src/tools/export_obsidian.py::extract_vet_clinical_concepts,execute,calls,0.8,INFERRED,0.8
src/tools/export_obsidian.py::extract_vet_clinical_concepts,fetchall,calls,0.8,INFERRED,0.8
src/tools/export_obsidian.py::extract_vet_clinical_concepts,print,calls,1.0,EXTRACTED,2.0
src/tools/export_obsidian.py::extract_vet_clinical_concepts,sum,calls,1.0,EXTRACTED,1.0
src/tools/export_obsidian.py::extract_vet_clinical_concepts,len,calls,1.0,EXTRACTED,1.0
src/tools/export_obsidian.py::extract_vet_clinical_concepts,values,calls,0.8,INFERRED,0.8
src/tools/export_obsidian.py::extract_related_concepts,cursor,calls,0.8,INFERRED,0.8
src/tools/export_obsidian.py::extract_related_concepts,list,calls,1.0,EXTRACTED,1.0
src/tools/export_obsidian.py::extract_related_concepts,range,calls,1.0,EXTRACTED,1.0
src/tools/export_obsidian.py::extract_related_concepts,set,calls,1.0,EXTRACTED,1.0
src/tools/export_obsidian.py::extract_related_concepts,print,calls,1.0,EXTRACTED,2.0
src/tools/export_obsidian.py::extract_related_concepts,len,calls,1.0,EXTRACTED,4.0
src/tools/export_obsidian.py::extract_related_concepts,join,calls,0.8,INFERRED,0.8
src/tools/export_obsidian.py::extract_related_concepts,execute,calls,0.8,INFERRED,1.6
src/tools/export_obsidian.py::extract_related_concepts,fetchall,calls,0.8,INFERRED,1.6
src/tools/export_obsidian.py::extract_related_concepts,append,calls,0.8,INFERRED,2.4000000000000004
src/tools/export_obsidian.py::extract_related_concepts,add,calls,0.8,INFERRED,0.8
src/tools/export_obsidian.py::sanitize_filename,sub,calls,0.8,INFERRED,0.8
src/tools/export_obsidian.py::sanitize_filename,strip,calls,0.8,INFERRED,0.8
src/tools/export_obsidian.py::sanitize_filename,replace,calls,0.8,INFERRED,0.8
src/tools/export_obsidian.py::sanitize_filename,len,calls,1.0,EXTRACTED,1.0
src/tools/export_obsidian.py::generate_concept_note,get,calls,0.8,INFERRED,7.999999999999999
src/tools/export_obsidian.py::generate_concept_note,extend,calls,0.8,INFERRED,0.8
src/tools/export_obsidian.py::generate_concept_note,append,calls,0.8,INFERRED,23.20000000000001
src/tools/export_obsidian.py::generate_concept_note,join,calls,0.8,INFERRED,0.8
src/tools/export_obsidian.py::generate_concept_note,defaultdict,calls,1.0,EXTRACTED,2.0
src/tools/export_obsidian.py::generate_concept_note,items,calls,0.8,INFERRED,2.4000000000000004
src/tools/export_obsidian.py::generate_concept_note,sorted,calls,1.0,EXTRACTED,1.0
src/tools/export_obsidian.py::generate_concept_note,replace,calls,0.8,INFERRED,0.8
src/tools/export_obsidian.py::generate_concept_note,len,calls,1.0,EXTRACTED,4.0
src/tools/export_obsidian.py::generate_concept_note,sanitize_filename,calls,1.0,EXTRACTED,3.0
src/tools/export_obsidian.py::generate_index_note,defaultdict,calls,1.0,EXTRACTED,2.0
src/tools/export_obsidian.py::generate_index_note,sum,calls,1.0,EXTRACTED,2.0
src/tools/export_obsidian.py::generate_index_note,sorted,calls,1.0,EXTRACTED,2.0
src/tools/export_obsidian.py::generate_index_note,extend,calls,0.8,INFERRED,4.0
src/tools/export_obsidian.py::generate_index_note,print,calls,1.0,EXTRACTED,1.0
src/tools/export_obsidian.py::generate_index_note,items,calls,0.8,INFERRED,5.6
src/tools/export_obsidian.py::generate_index_note,get,calls,0.8,INFERRED,4.0
src/tools/export_obsidian.py::generate_index_note,append,calls,0.8,INFERRED,7.199999999999999
src/tools/export_obsidian.py::generate_index_note,len,calls,1.0,EXTRACTED,12.0
src/tools/export_obsidian.py::generate_index_note,open,calls,1.0,EXTRACTED,1.0
src/tools/export_obsidian.py::generate_index_note,write,calls,0.8,INFERRED,0.8
src/tools/export_obsidian.py::generate_index_note,join,calls,0.8,INFERRED,0.8
src/tools/export_obsidian.py::generate_index_note,values,calls,0.8,INFERRED,1.6
src/tools/export_obsidian.py::generate_index_note,sanitize_filename,calls,1.0,EXTRACTED,4.0
src/tools/export_obsidian.py::main,ArgumentParser,calls,0.8,INFERRED,0.8
src/tools/export_obsidian.py::main,add_argument,calls,0.8,INFERRED,0.8
src/tools/export_obsidian.py::main,parse_args,calls,0.8,INFERRED,0.8
src/tools/export_obsidian.py::main,Path,calls,1.0,EXTRACTED,1.0
src/tools/export_obsidian.py::main,print,calls,1.0,EXTRACTED,12.0
src/tools/export_obsidian.py::main,connect,calls,0.8,INFERRED,0.8
src/tools/export_obsidian.py::main,extract_vet_clinical_concepts,calls,1.0,EXTRACTED,1.0
src/tools/export_obsidian.py::main,set,calls,1.0,EXTRACTED,1.0
src/tools/export_obsidian.py::main,extract_related_concepts,calls,1.0,EXTRACTED,1.0
src/tools/export_obsidian.py::main,exists,calls,0.8,INFERRED,1.6
src/tools/export_obsidian.py::main,mkdir,calls,0.8,INFERRED,0.8
src/tools/export_obsidian.py::main,defaultdict,calls,1.0,EXTRACTED,5.0
src/tools/export_obsidian.py::main,items,calls,0.8,INFERRED,0.8
src/tools/export_obsidian.py::main,generate_index_note,calls,1.0,EXTRACTED,1.0
src/tools/export_obsidian.py::main,values,calls,0.8,INFERRED,2.4000000000000004
src/tools/export_obsidian.py::main,dict,calls,1.0,EXTRACTED,3.0
src/tools/export_obsidian.py::main,close,calls,0.8,INFERRED,0.8
src/tools/export_obsidian.py::main,str,calls,1.0,EXTRACTED,2.0
src/tools/export_obsidian.py::main,keys,calls,0.8,INFERRED,0.8
src/tools/export_obsidian.py::main,rmtree,calls,0.8,INFERRED,0.8
src/tools/export_obsidian.py::main,append,calls,0.8,INFERRED,1.6
src/tools/export_obsidian.py::main,get,calls,0.8,INFERRED,1.6
src/tools/export_obsidian.py::main,generate_concept_note,calls,1.0,EXTRACTED,1.0
src/tools/export_obsidian.py::main,sanitize_filename,calls,1.0,EXTRACTED,1.0
src/tools/export_obsidian.py::main,len,calls,1.0,EXTRACTED,4.0
src/tools/export_obsidian.py::main,open,calls,1.0,EXTRACTED,2.0
src/tools/export_obsidian.py::main,dump,calls,0.8,INFERRED,0.8
src/tools/export_obsidian.py::main,write,calls,0.8,INFERRED,0.8
src/tools/export_obsidian.py::main,sum,calls,1.0,EXTRACTED,2.0
