id,type,file,line,community_id,degree_centrality,tag,confidence
src/indexing/vectorize_snomed.py,module,src/indexing/vectorize_snomed.py,0,4,0.072115,EXTRACTED,1.0
src/indexing/vectorize_snomed.py::get_db_connection,function,src/indexing/vectorize_snomed.py,59,1,0.028846,EXTRACTED,1.0
src/indexing/vectorize_snomed.py::load_concepts_from_db,function,src/indexing/vectorize_snomed.py,76,6,0.028846,EXTRACTED,1.0
src/indexing/vectorize_snomed.py::build_document_text,function,src/indexing/vectorize_snomed.py,140,6,0.019231,EXTRACTED,1.0
src/indexing/vectorize_snomed.py::build_metadata,function,src/indexing/vectorize_snomed.py,161,4,0.004808,EXTRACTED,1.0
src/indexing/vectorize_snomed.py::create_chroma_collection,function,src/indexing/vectorize_snomed.py,172,0,0.033654,EXTRACTED,1.0
src/indexing/vectorize_snomed.py::index_concepts,function,src/indexing/vectorize_snomed.py,201,4,0.043269,EXTRACTED,1.0
src/indexing/vectorize_snomed.py::verify_index,function,src/indexing/vectorize_snomed.py,232,1,0.033654,EXTRACTED,1.0
src/indexing/vectorize_snomed.py::save_index_stats,function,src/indexing/vectorize_snomed.py,263,5,0.043269,EXTRACTED,1.0
src/indexing/vectorize_snomed.py::main,function,src/indexing/vectorize_snomed.py,286,1,0.052885,EXTRACTED,1.0
src/retrieval/graph_rag.py,module,src/retrieval/graph_rag.py,0,4,0.067308,EXTRACTED,1.0
src/retrieval/graph_rag.py::GraphNeighbor,class,src/retrieval/graph_rag.py,111,4,0.004808,EXTRACTED,1.0
src/retrieval/graph_rag.py::GraphContext,class,src/retrieval/graph_rag.py,122,4,0.004808,EXTRACTED,1.0
src/retrieval/graph_rag.py::SNOMEDGraph,class,src/retrieval/graph_rag.py,134,2,0.043269,EXTRACTED,1.0
src/retrieval/graph_rag.py::SNOMEDGraph::__init__,method,src/retrieval/graph_rag.py,137,2,0.019231,EXTRACTED,1.0
src/retrieval/graph_rag.py::SNOMEDGraph::_build_graph,method,src/retrieval/graph_rag.py,143,6,0.052885,EXTRACTED,1.0
src/retrieval/graph_rag.py::SNOMEDGraph::get_term,method,src/retrieval/graph_rag.py,185,2,0.009615,EXTRACTED,1.0
src/retrieval/graph_rag.py::SNOMEDGraph::get_info,method,src/retrieval/graph_rag.py,190,2,0.009615,EXTRACTED,1.0
src/retrieval/graph_rag.py::SNOMEDGraph::get_ancestors,method,src/retrieval/graph_rag.py,200,2,0.038462,EXTRACTED,1.0
src/retrieval/graph_rag.py::SNOMEDGraph::get_children,method,src/retrieval/graph_rag.py,227,2,0.028846,EXTRACTED,1.0
src/retrieval/graph_rag.py::SNOMEDGraph::explore_clinical_neighbors,method,src/retrieval/graph_rag.py,245,2,0.048077,EXTRACTED,1.0
src/retrieval/graph_rag.py::SNOMEDGraph::explore,method,src/retrieval/graph_rag.py,313,6,0.038462,EXTRACTED,1.0
src/retrieval/graph_rag.py::format_graph_context,function,src/retrieval/graph_rag.py,361,2,0.033654,EXTRACTED,1.0
src/retrieval/graph_rag.py::main,function,src/retrieval/graph_rag.py,437,3,0.052885,EXTRACTED,1.0
src/retrieval/hybrid_search.py,module,src/retrieval/hybrid_search.py,0,4,0.072115,EXTRACTED,1.0
src/retrieval/hybrid_search.py::SearchResult,class,src/retrieval/hybrid_search.py,37,4,0.004808,EXTRACTED,1.0
src/retrieval/hybrid_search.py::VectorSearcher,class,src/retrieval/hybrid_search.py,54,0,0.014423,EXTRACTED,1.0
src/retrieval/hybrid_search.py::VectorSearcher::__init__,method,src/retrieval/hybrid_search.py,57,0,0.033654,EXTRACTED,1.0
src/retrieval/hybrid_search.py::VectorSearcher::search,method,src/retrieval/hybrid_search.py,71,2,0.033654,EXTRACTED,1.0
src/retrieval/hybrid_search.py::SQLRetriever,class,src/retrieval/hybrid_search.py,110,5,0.024038,EXTRACTED,1.0
src/retrieval/hybrid_search.py::SQLRetriever::__init__,method,src/retrieval/hybrid_search.py,113,5,0.033654,EXTRACTED,1.0
src/retrieval/hybrid_search.py::SQLRetriever::search,method,src/retrieval/hybrid_search.py,132,6,0.091346,EXTRACTED,1.0
src/retrieval/hybrid_search.py::SQLRetriever::get_relationships,method,src/retrieval/hybrid_search.py,270,6,0.024038,EXTRACTED,1.0
src/retrieval/hybrid_search.py::SQLRetriever::close,method,src/retrieval/hybrid_search.py,298,5,0.009615,EXTRACTED,1.0
src/retrieval/hybrid_search.py::reciprocal_rank_fusion,function,src/retrieval/hybrid_search.py,304,6,0.019231,EXTRACTED,1.0
src/retrieval/hybrid_search.py::preprocess_for_vector,function,src/retrieval/hybrid_search.py,393,7,0.033654,EXTRACTED,1.0
src/retrieval/hybrid_search.py::HybridSearchEngine,class,src/retrieval/hybrid_search.py,424,3,0.024038,EXTRACTED,1.0
src/retrieval/hybrid_search.py::HybridSearchEngine::__init__,method,src/retrieval/hybrid_search.py,427,1,0.019231,EXTRACTED,1.0
src/retrieval/hybrid_search.py::HybridSearchEngine::search,method,src/retrieval/hybrid_search.py,435,3,0.033654,EXTRACTED,1.0
src/retrieval/hybrid_search.py::HybridSearchEngine::print_results,method,src/retrieval/hybrid_search.py,478,1,0.028846,EXTRACTED,1.0
src/retrieval/hybrid_search.py::HybridSearchEngine::close,method,src/retrieval/hybrid_search.py,510,3,0.009615,EXTRACTED,1.0
src/retrieval/hybrid_search.py::main,function,src/retrieval/hybrid_search.py,516,3,0.062500,EXTRACTED,1.0
src/retrieval/rag_pipeline.py,module,src/retrieval/rag_pipeline.py,0,4,0.110577,EXTRACTED,1.0
src/retrieval/rag_pipeline.py::PostCoordLoader,class,src/retrieval/rag_pipeline.py,41,5,0.019231,EXTRACTED,1.0
src/retrieval/rag_pipeline.py::PostCoordLoader::__init__,method,src/retrieval/rag_pipeline.py,44,5,0.009615,EXTRACTED,1.0
src/retrieval/rag_pipeline.py::PostCoordLoader::_load_rules,method,src/retrieval/rag_pipeline.py,49,5,0.028846,EXTRACTED,1.0
src/retrieval/rag_pipeline.py::PostCoordLoader::find_patterns,method,src/retrieval/rag_pipeline.py,71,5,0.028846,EXTRACTED,1.0
src/retrieval/rag_pipeline.py::build_context,function,src/retrieval/rag_pipeline.py,87,2,0.028846,EXTRACTED,1.0
src/retrieval/rag_pipeline.py::_load_vet_dictionary,function,src/retrieval/rag_pipeline.py,137,5,0.052885,EXTRACTED,1.0
src/retrieval/rag_pipeline.py::_replace_with_dictionary,function,src/retrieval/rag_pipeline.py,162,4,0.019231,EXTRACTED,1.0
src/retrieval/rag_pipeline.py::_contains_korean,function,src/retrieval/rag_pipeline.py,172,3,0.014423,EXTRACTED,1.0
src/retrieval/rag_pipeline.py::preprocess_query,function,src/retrieval/rag_pipeline.py,188,7,0.024038,EXTRACTED,1.0
src/retrieval/rag_pipeline.py::translate_query_to_english,function,src/retrieval/rag_pipeline.py,202,4,0.033654,EXTRACTED,1.0
src/retrieval/rag_pipeline.py::generate_with_claude,function,src/retrieval/rag_pipeline.py,271,4,0.014423,EXTRACTED,1.0
src/retrieval/rag_pipeline.py::_clean_ollama_response,function,src/retrieval/rag_pipeline.py,311,7,0.048077,EXTRACTED,1.0
src/retrieval/rag_pipeline.py::generate_with_ollama,function,src/retrieval/rag_pipeline.py,344,4,0.028846,EXTRACTED,1.0
src/retrieval/rag_pipeline.py::generate_without_llm,function,src/retrieval/rag_pipeline.py,373,2,0.019231,EXTRACTED,1.0
src/retrieval/rag_pipeline.py::SNOMEDRagPipeline,class,src/retrieval/rag_pipeline.py,395,1,0.024038,EXTRACTED,1.0
src/retrieval/rag_pipeline.py::SNOMEDRagPipeline::__init__,method,src/retrieval/rag_pipeline.py,398,1,0.024038,EXTRACTED,1.0
src/retrieval/rag_pipeline.py::SNOMEDRagPipeline::query,method,src/retrieval/rag_pipeline.py,426,3,0.062500,EXTRACTED,1.0
src/retrieval/rag_pipeline.py::SNOMEDRagPipeline::print_answer,method,src/retrieval/rag_pipeline.py,493,1,0.019231,EXTRACTED,1.0
src/retrieval/rag_pipeline.py::SNOMEDRagPipeline::close,method,src/retrieval/rag_pipeline.py,512,3,0.009615,EXTRACTED,1.0
src/retrieval/rag_pipeline.py::main,function,src/retrieval/rag_pipeline.py,518,3,0.057692,EXTRACTED,1.0
src/tools/export_obsidian.py,module,src/tools/export_obsidian.py,0,4,0.057692,EXTRACTED,1.0
src/tools/export_obsidian.py::extract_vet_clinical_concepts,function,src/tools/export_obsidian.py,53,6,0.043269,EXTRACTED,1.0
src/tools/export_obsidian.py::extract_related_concepts,function,src/tools/export_obsidian.py,83,6,0.057692,EXTRACTED,1.0
src/tools/export_obsidian.py::sanitize_filename,function,src/tools/export_obsidian.py,199,4,0.024038,EXTRACTED,1.0
src/tools/export_obsidian.py::generate_concept_note,function,src/tools/export_obsidian.py,206,2,0.052885,EXTRACTED,1.0
src/tools/export_obsidian.py::generate_index_note,function,src/tools/export_obsidian.py,304,6,0.072115,EXTRACTED,1.0
src/tools/export_obsidian.py::main,function,src/tools/export_obsidian.py,428,1,0.144231,EXTRACTED,1.0
sqlite3,external,,0,4,0.019231,INFERRED,1.0
os,external,,0,4,0.004808,INFERRED,1.0
sys,external,,0,4,0.009615,INFERRED,1.0
time,external,,0,4,0.019231,INFERRED,1.0
json,external,,0,4,0.028846,INFERRED,1.0
pathlib.Path,external,,0,4,0.024038,INFERRED,1.0
exists,external,,0,5,0.024038,INFERRED,0.8
print,external,,0,1,0.115385,INFERRED,1.0
exit,external,,0,1,0.009615,INFERRED,0.8
connect,external,,0,1,0.019231,INFERRED,0.8
str,external,,0,1,0.033654,INFERRED,1.0
cursor,external,,0,6,0.028846,INFERRED,0.8
fetchall,external,,0,6,0.028846,INFERRED,0.8
join,external,,0,6,0.062500,INFERRED,0.8
execute,external,,0,6,0.033654,INFERRED,0.8
append,external,,0,2,0.091346,INFERRED,0.8
split,external,,0,7,0.024038,INFERRED,0.8
SentenceTransformerEmbeddingFunction,external,,0,0,0.009615,INFERRED,0.8
PersistentClient,external,,0,0,0.009615,INFERRED,0.8
create_collection,external,,0,0,0.004808,INFERRED,0.8
delete_collection,external,,0,0,0.004808,INFERRED,0.8
len,external,,0,6,0.100962,INFERRED,1.0
range,external,,0,6,0.014423,INFERRED,1.0
add,external,,0,2,0.019231,INFERRED,0.8
min,external,,0,4,0.004808,INFERRED,1.0
build_document_text,external,,0,4,0.004808,INFERRED,1.0
build_metadata,external,,0,4,0.004808,INFERRED,1.0
query,external,,0,3,0.014423,INFERRED,0.8
enumerate,external,,0,2,0.028846,INFERRED,1.0
zip,external,,0,2,0.009615,INFERRED,1.0
count,external,,0,0,0.009615,INFERRED,0.8
Counter,external,,0,5,0.004808,INFERRED,1.0
strftime,external,,0,5,0.004808,INFERRED,0.8
dict,external,,0,5,0.014423,INFERRED,1.0
open,external,,0,5,0.024038,INFERRED,1.0
dump,external,,0,5,0.009615,INFERRED,0.8
most_common,external,,0,5,0.004808,INFERRED,0.8
get_db_connection,external,,0,1,0.004808,INFERRED,1.0
load_concepts_from_db,external,,0,1,0.004808,INFERRED,1.0
close,external,,0,3,0.038462,INFERRED,0.8
create_chroma_collection,external,,0,1,0.004808,INFERRED,1.0
index_concepts,external,,0,1,0.004808,INFERRED,1.0
verify_index,external,,0,1,0.004808,INFERRED,1.0
save_index_stats,external,,0,1,0.004808,INFERRED,1.0
argparse,external,,0,4,0.019231,INFERRED,1.0
networkx,external,,0,4,0.004808,INFERRED,1.0
collections.defaultdict,external,,0,4,0.009615,INFERRED,1.0
dataclasses.dataclass,external,,0,4,0.009615,INFERRED,1.0
dataclasses.field,external,,0,4,0.009615,INFERRED,1.0
typing.Optional,external,,0,4,0.014423,INFERRED,1.0
DiGraph,external,,0,2,0.004808,INFERRED,0.8
_build_graph,external,,0,2,0.004808,INFERRED,0.8
add_node,external,,0,6,0.004808,INFERRED,0.8
add_edge,external,,0,6,0.004808,INFERRED,0.8
number_of_nodes,external,,0,6,0.004808,INFERRED,0.8
get,external,,0,2,0.062500,INFERRED,0.8
set,external,,0,2,0.014423,INFERRED,1.0
pop,external,,0,2,0.009615,INFERRED,0.8
out_edges,external,,0,2,0.009615,INFERRED,0.8
get_info,external,,0,2,0.014423,INFERRED,0.8
in_edges,external,,0,2,0.009615,INFERRED,0.8
GraphNeighbor,external,,0,2,0.004808,INFERRED,1.0
get_term,external,,0,6,0.004808,INFERRED,0.8
get_ancestors,external,,0,6,0.004808,INFERRED,0.8
get_children,external,,0,6,0.004808,INFERRED,0.8
explore_clinical_neighbors,external,,0,6,0.004808,INFERRED,0.8
GraphContext,external,,0,6,0.004808,INFERRED,1.0
sum,external,,0,6,0.028846,INFERRED,1.0
replace,external,,0,2,0.019231,INFERRED,0.8
ArgumentParser,external,,0,3,0.019231,INFERRED,0.8
add_argument,external,,0,3,0.019231,INFERRED,0.8
parse_args,external,,0,3,0.019231,INFERRED,0.8
SNOMEDGraph,external,,0,3,0.009615,INFERRED,1.0
explore,external,,0,3,0.009615,INFERRED,0.8
strip,external,,0,7,0.043269,INFERRED,0.8
lower,external,,0,3,0.024038,INFERRED,0.8
format_graph_context,external,,0,3,0.009615,INFERRED,1.0
input,external,,0,3,0.014423,INFERRED,1.0
re,external,,0,4,0.014423,INFERRED,1.0
get_collection,external,,0,0,0.004808,INFERRED,0.8
SearchResult,external,,0,6,0.014423,INFERRED,1.0
fetchone,external,,0,5,0.004808,INFERRED,0.8
sorted,external,,0,6,0.024038,INFERRED,1.0
_token_clause,external,,0,6,0.004808,INFERRED,1.0
extend,external,,0,6,0.014423,INFERRED,0.8
values,external,,0,1,0.024038,INFERRED,0.8
max,external,,0,6,0.004808,INFERRED,1.0
search,external,,0,3,0.028846,INFERRED,0.8
sub,external,,0,7,0.014423,INFERRED,0.8
start,external,,0,7,0.009615,INFERRED,0.8
VectorSearcher,external,,0,1,0.004808,INFERRED,1.0
SQLRetriever,external,,0,1,0.004808,INFERRED,1.0
preprocess_for_vector,external,,0,3,0.004808,INFERRED,1.0
reciprocal_rank_fusion,external,,0,3,0.004808,INFERRED,1.0
list,external,,0,3,0.009615,INFERRED,1.0
get_relationships,external,,0,3,0.004808,INFERRED,0.8
HybridSearchEngine,external,,0,3,0.009615,INFERRED,1.0
print_results,external,,0,3,0.004808,INFERRED,0.8
dumps,external,,0,5,0.014423,INFERRED,0.8
src.retrieval.hybrid_search.HybridSearchEngine,external,,0,4,0.004808,INFERRED,1.0
src.retrieval.hybrid_search.SearchResult,external,,0,4,0.004808,INFERRED,1.0
src.retrieval.graph_rag.SNOMEDGraph,external,,0,4,0.004808,INFERRED,1.0
src.retrieval.graph_rag.format_graph_context,external,,0,4,0.004808,INFERRED,1.0
_load_rules,external,,0,5,0.004808,INFERRED,0.8
load,external,,0,5,0.009615,INFERRED,0.8
isinstance,external,,0,5,0.009615,INFERRED,1.0
items,external,,0,6,0.028846,INFERRED,0.8
find_patterns,external,,0,2,0.004808,INFERRED,0.8
startswith,external,,0,5,0.004808,INFERRED,0.8
_load_vet_dictionary,external,,0,4,0.004808,INFERRED,1.0
bool,external,,0,3,0.004808,INFERRED,1.0
_replace_with_dictionary,external,,0,4,0.004808,INFERRED,1.0
_contains_korean,external,,0,4,0.009615,INFERRED,1.0
post,external,,0,4,0.009615,INFERRED,0.8
Anthropic,external,,0,4,0.004808,INFERRED,0.8
create,external,,0,4,0.004808,INFERRED,0.8
findall,external,,0,7,0.004808,INFERRED,0.8
format,external,,0,4,0.004808,INFERRED,0.8
_clean_ollama_response,external,,0,4,0.004808,INFERRED,1.0
PostCoordLoader,external,,0,1,0.004808,INFERRED,1.0
preprocess_query,external,,0,3,0.004808,INFERRED,1.0
build_context,external,,0,3,0.004808,INFERRED,1.0
translate_query_to_english,external,,0,3,0.004808,INFERRED,1.0
generate_with_claude,external,,0,3,0.004808,INFERRED,1.0
generate_with_ollama,external,,0,3,0.004808,INFERRED,1.0
generate_without_llm,external,,0,3,0.004808,INFERRED,1.0
SNOMEDRagPipeline,external,,0,3,0.004808,INFERRED,1.0
print_answer,external,,0,3,0.004808,INFERRED,0.8
defaultdict,external,,0,1,0.014423,INFERRED,1.0
sanitize_filename,external,,0,6,0.014423,INFERRED,1.0
write,external,,0,6,0.009615,INFERRED,0.8
Path,external,,0,1,0.004808,INFERRED,1.0
extract_vet_clinical_concepts,external,,0,1,0.004808,INFERRED,1.0
extract_related_concepts,external,,0,1,0.004808,INFERRED,1.0
mkdir,external,,0,1,0.004808,INFERRED,0.8
generate_index_note,external,,0,1,0.004808,INFERRED,1.0
keys,external,,0,1,0.004808,INFERRED,0.8
rmtree,external,,0,1,0.004808,INFERRED,0.8
generate_concept_note,external,,0,1,0.004808,INFERRED,1.0
